iter,train_loss,val_loss,its_per_sec,tokens_per_sec,peak_mem_gb
10,1.23,,1.76,286.395,2.538
20,0.727,,1.928,300.054,2.538
30,0.785,,1.842,296.341,2.538
40,0.674,,1.707,298.74,2.538
50,0.746,,1.589,300.601,2.538
60,0.604,,1.866,291.803,2.538
70,0.622,,1.786,290.222,2.538
80,0.761,,1.598,304.686,2.538
90,0.68,,1.788,298.418,2.538
100,0.718,,1.822,287.007,2.538
110,0.574,,2.272,284.25,2.538
120,0.69,,2.11,286.369,2.54
130,0.605,,1.661,281.845,2.54
140,0.542,,1.663,290.476,2.54
150,0.596,,1.671,292.201,2.54
160,0.751,,1.9,288.086,2.54
170,0.628,,1.582,294.51,2.54
180,0.568,,1.534,297.207,2.54
190,0.471,,1.639,286.82,2.54
200,0.575,,1.765,298.595,2.54
1,,1.462,,,
100,,0.978,,,
200,,0.609,,,
