run_id,base_model,bits,group_size,lora_rank,seq_len,grad_ckpt,iters,final_train_loss,final_val_loss,test_loss,peak_mem_gb,tokens_per_sec,wall_clock_min,status,notes
r1,bigcode/starcoder2-3b,32,,8,256,True,200,0.566,0.569,0.595,12.639,269.4,10.0,ok,baseline replay of 2026-05-04-2233; iogpu.wired_limit_mb=14336; attempts 1-2 OOM'd at default 11.84 GB cap (logs/r1_attempt*_oom.log)
r2,models/q4_g64,4,64,8,256,True,200,0.574,0.599,0.614,2.725,288.4,8.7,ok,
r3,models/q8_g64,8,64,8,256,True,200,0.566,0.569,0.595,4.143,284.5,8.9,ok,
r4,models/q4_g32,4,32,8,256,True,200,0.57,0.608,0.609,3.035,287.8,8.8,ok,
r5,models/q4_g128,4,128,8,256,True,200,0.575,0.609,0.616,2.54,292.7,8.6,ok,
r6,models/q8_g64,8,64,8,256,False,200,0.566,0.573,0.595,4.219,299.6,8.8,ok,
r7,models/q8_g64,8,64,8,1024,True,200,0.561,0.57,0.593,5.025,277.4,11.0,ok,
r8a,models/q8_g64,8,64,8,1024,True,200,0.518,0.551,0.561,5.254,179.4,12.1,ok,
r8b,models/q8_g64,8,64,8,512,True,200,0.547,0.582,0.579,4.573,229.4,10.9,ok,
